station_id,station_name,occupancy_rate,downtime
0,Circuit Preparation,0.9319070209746533,13.605208783589418
1,Microcontroller Integration,0.9183633806992757,5.54103616495327
2,LED Display Assembly,0.8993462366602906,32.323784428283766
3,Case Assembly,0.8417024600303888,96.66235230021512
4,Water Sealing,0.8551374767532526,44.59552028328902
5,Testing & Packaging,0.8201931993926982,35.47489938418779
