station_id,station_name,occupancy_rate,downtime
0,Circuit Preparation,0.933461837240594,13.422014277323672
1,Microcontroller Integration,0.9171850802952528,6.346421883801542
2,LED Display Assembly,0.8985810220746439,33.42334344128311
3,Case Assembly,0.8417561216711509,96.93273729844574
4,Water Sealing,0.8564961719449368,44.83842478833799
5,Testing & Packaging,0.820575716116295,34.6107280639939
